45 ,49 ,49 ,65 ,65 ,45 ,1 ,7 ,45 ,1 
60 ,62 ,63 ,80 ,80 ,60 ,1 ,13 ,45 ,1 
80 ,82 ,83 ,100 ,100 ,80 ,2 ,100 ,45 ,1 
39 ,52 ,43 ,60 ,50 ,65 ,1 ,9 ,45 ,2 
58 ,64 ,58 ,80 ,65 ,80 ,1 ,19 ,45 ,2 
78 ,84 ,78 ,109 ,85 ,100 ,2 ,91 ,45 ,2 
44 ,48 ,65 ,50 ,64 ,43 ,1 ,9 ,45 ,3 
59 ,63 ,80 ,65 ,80 ,58 ,1 ,23 ,45 ,3 
79 ,83 ,100 ,85 ,105 ,78 ,2 ,86 ,45 ,3 
45 ,30 ,35 ,20 ,20 ,45 ,0 ,3 ,255 ,4 
50 ,20 ,55 ,25 ,25 ,30 ,1 ,10 ,120 ,4 
60 ,45 ,50 ,90 ,80 ,70 ,1 ,32 ,45 ,4 
40 ,35 ,30 ,20 ,20 ,50 ,0 ,3 ,255 ,4 
45 ,25 ,50 ,25 ,25 ,35 ,1 ,10 ,120 ,4 
65 ,90 ,40 ,45 ,80 ,75 ,1 ,30 ,45 ,4 
40 ,45 ,40 ,35 ,35 ,56 ,0 ,2 ,255 ,5 
63 ,60 ,55 ,50 ,50 ,71 ,1 ,30 ,120 ,5 
83 ,80 ,75 ,70 ,70 ,101 ,2 ,40 ,45 ,5 
30 ,56 ,35 ,25 ,35 ,72 ,0 ,4 ,255 ,5 
55 ,81 ,60 ,50 ,70 ,97 ,1 ,19 ,127 ,5 
40 ,60 ,30 ,31 ,31 ,70 ,0 ,2 ,255 ,5 
65 ,90 ,65 ,61 ,61 ,100 ,1 ,38 ,90 ,5 
35 ,60 ,44 ,40 ,54 ,55 ,2 ,7 ,255 ,6 
60 ,85 ,69 ,65 ,79 ,80 ,4 ,65 ,90 ,6 
35 ,55 ,40 ,50 ,50 ,90 ,0 ,6 ,190 ,7 
60 ,90 ,55 ,90 ,80 ,110 ,1 ,30 ,75 ,7 
50 ,75 ,85 ,20 ,30 ,40 ,1 ,12 ,255 ,8 
75 ,100 ,110 ,45 ,55 ,65 ,1 ,30 ,90 ,8 
55 ,47 ,52 ,40 ,40 ,41 ,0 ,7 ,235 ,6 
70 ,62 ,67 ,55 ,55 ,56 ,1 ,20 ,120 ,6 
90 ,92 ,87 ,75 ,85 ,76 ,1 ,60 ,45 ,6 
61 ,72 ,57 ,55 ,55 ,65 ,1 ,20 ,120 ,6 
81 ,102 ,77 ,85 ,75 ,85 ,1 ,62 ,45 ,6 
70 ,45 ,48 ,60 ,65 ,35 ,1 ,8 ,150 ,9 
95 ,70 ,73 ,95 ,90 ,60 ,1 ,40 ,25 ,9 
38 ,41 ,40 ,50 ,65 ,65 ,1 ,10 ,190 ,2 
73 ,76 ,75 ,81 ,100 ,100 ,1 ,20 ,75 ,2 
115 ,45 ,20 ,45 ,25 ,20 ,1 ,6 ,170 ,5 
140 ,70 ,45 ,85 ,50 ,45 ,1 ,12 ,50 ,5 
40 ,45 ,35 ,30 ,40 ,55 ,1 ,8 ,255 ,6 
75 ,80 ,70 ,65 ,75 ,90 ,2 ,55 ,90 ,6 
45 ,50 ,55 ,75 ,65 ,30 ,1 ,5 ,255 ,1 
60 ,65 ,70 ,85 ,75 ,40 ,1 ,9 ,120 ,1 
75 ,80 ,85 ,110 ,90 ,50 ,1 ,19 ,45 ,1 
35 ,70 ,55 ,45 ,55 ,25 ,0 ,5 ,190 ,4 
60 ,95 ,80 ,60 ,80 ,30 ,1 ,30 ,75 ,4 
60 ,55 ,50 ,40 ,55 ,45 ,1 ,30 ,190 ,4 
70 ,65 ,60 ,90 ,75 ,90 ,2 ,13 ,75 ,4 
10 ,55 ,25 ,35 ,45 ,95 ,0 ,1 ,255 ,8 
35 ,80 ,50 ,50 ,70 ,120 ,1 ,33 ,50 ,8 
40 ,45 ,35 ,40 ,40 ,90 ,0 ,4 ,255 ,5 
65 ,70 ,60 ,65 ,65 ,115 ,1 ,32 ,90 ,5 
50 ,52 ,48 ,65 ,50 ,55 ,1 ,20 ,190 ,3 
80 ,82 ,78 ,95 ,80 ,85 ,2 ,77 ,75 ,3 
40 ,80 ,35 ,35 ,45 ,70 ,1 ,28 ,190 ,10 
65 ,105 ,60 ,60 ,70 ,95 ,1 ,32 ,75 ,10 
55 ,70 ,45 ,70 ,50 ,60 ,1 ,19 ,190 ,2 
90 ,110 ,80 ,100 ,80 ,95 ,2 ,155 ,75 ,2 
40 ,50 ,40 ,40 ,40 ,90 ,1 ,12 ,255 ,3 
65 ,65 ,65 ,50 ,50 ,90 ,1 ,20 ,120 ,3 
90 ,95 ,95 ,70 ,90 ,70 ,1 ,54 ,45 ,3 
25 ,20 ,15 ,105 ,55 ,90 ,1 ,20 ,200 ,11 
40 ,35 ,30 ,120 ,70 ,105 ,1 ,57 ,100 ,11 
55 ,50 ,45 ,135 ,95 ,120 ,2 ,48 ,50 ,11 
70 ,80 ,50 ,35 ,35 ,35 ,1 ,20 ,180 ,10 
80 ,100 ,70 ,50 ,60 ,45 ,2 ,71 ,90 ,10 
90 ,130 ,80 ,65 ,85 ,55 ,2 ,130 ,45 ,10 
50 ,75 ,35 ,70 ,30 ,40 ,1 ,4 ,255 ,1 
65 ,90 ,50 ,85 ,45 ,55 ,1 ,6 ,120 ,1 
80 ,105 ,65 ,100 ,70 ,70 ,2 ,16 ,45 ,1 
40 ,40 ,35 ,50 ,100 ,70 ,1 ,46 ,190 ,3 
80 ,70 ,65 ,80 ,120 ,100 ,2 ,55 ,60 ,3 
40 ,80 ,100 ,30 ,30 ,20 ,0 ,20 ,255 ,12 
55 ,95 ,115 ,45 ,45 ,35 ,1 ,105 ,120 ,12 
80 ,120 ,130 ,55 ,65 ,45 ,1 ,300 ,45 ,12 
50 ,85 ,55 ,65 ,65 ,90 ,1 ,30 ,190 ,2 
65 ,100 ,70 ,80 ,80 ,105 ,2 ,95 ,60 ,2 
90 ,65 ,65 ,40 ,40 ,15 ,1 ,36 ,190 ,3 
95 ,75 ,110 ,100 ,80 ,30 ,2 ,79 ,75 ,3 
25 ,35 ,70 ,95 ,55 ,45 ,0 ,6 ,190 ,7 
50 ,60 ,95 ,120 ,70 ,70 ,1 ,60 ,60 ,7 
52 ,65 ,55 ,58 ,62 ,60 ,1 ,15 ,45 ,5 
35 ,85 ,45 ,35 ,35 ,75 ,1 ,39 ,190 ,5 
60 ,110 ,70 ,60 ,60 ,100 ,2 ,85 ,45 ,5 
65 ,45 ,55 ,45 ,70 ,45 ,1 ,90 ,190 ,3 
90 ,70 ,80 ,70 ,95 ,70 ,2 ,120 ,75 ,3 
80 ,80 ,50 ,40 ,50 ,25 ,1 ,30 ,190 ,6 
105 ,105 ,75 ,65 ,100 ,50 ,1 ,30 ,75 ,6 
30 ,65 ,100 ,45 ,25 ,40 ,0 ,4 ,190 ,3 
50 ,95 ,180 ,85 ,45 ,70 ,2 ,133 ,60 ,3 
30 ,35 ,30 ,100 ,35 ,80 ,1 ,0 ,190 ,13 
45 ,50 ,45 ,115 ,55 ,95 ,2 ,0 ,90 ,13 
60 ,65 ,60 ,130 ,75 ,110 ,2 ,41 ,45 ,13 
35 ,45 ,160 ,30 ,45 ,70 ,9 ,210 ,45 ,12 
60 ,48 ,45 ,43 ,90 ,42 ,1 ,32 ,190 ,11 
85 ,73 ,70 ,73 ,115 ,67 ,2 ,76 ,75 ,11 
30 ,105 ,90 ,25 ,25 ,50 ,0 ,7 ,225 ,3 
55 ,130 ,115 ,50 ,50 ,75 ,1 ,60 ,60 ,3 
40 ,30 ,50 ,55 ,55 ,100 ,1 ,10 ,190 ,7 
60 ,50 ,70 ,80 ,80 ,140 ,1 ,67 ,60 ,7 
60 ,40 ,80 ,60 ,45 ,40 ,0 ,3 ,90 ,1 
95 ,95 ,85 ,125 ,65 ,55 ,2 ,120 ,45 ,1 
50 ,50 ,95 ,40 ,50 ,35 ,0 ,7 ,190 ,8 
60 ,80 ,110 ,50 ,80 ,45 ,1 ,45 ,75 ,8 
50 ,120 ,53 ,35 ,110 ,87 ,2 ,50 ,45 ,10 
50 ,105 ,79 ,35 ,110 ,76 ,1 ,50 ,45 ,10 
90 ,55 ,75 ,60 ,75 ,30 ,1 ,66 ,45 ,5 
40 ,65 ,95 ,60 ,45 ,35 ,1 ,1 ,190 ,6 
65 ,90 ,120 ,85 ,70 ,60 ,1 ,10 ,60 ,6 
80 ,85 ,95 ,30 ,30 ,25 ,1 ,115 ,120 ,8 
105 ,130 ,120 ,45 ,45 ,40 ,2 ,120 ,60 ,8 
250 ,5 ,5 ,35 ,105 ,50 ,1 ,35 ,30 ,5 
65 ,55 ,115 ,100 ,40 ,60 ,1 ,35 ,45 ,1 
105 ,95 ,80 ,40 ,80 ,90 ,2 ,80 ,45 ,5 
30 ,40 ,70 ,70 ,25 ,60 ,0 ,8 ,225 ,3 
55 ,65 ,95 ,95 ,45 ,85 ,1 ,25 ,75 ,3 
45 ,67 ,60 ,35 ,50 ,63 ,1 ,15 ,225 ,3 
80 ,92 ,65 ,65 ,80 ,68 ,1 ,39 ,60 ,3 
30 ,45 ,55 ,70 ,55 ,85 ,1 ,35 ,225 ,3 
60 ,75 ,85 ,100 ,85 ,115 ,1 ,80 ,60 ,3 
40 ,45 ,65 ,100 ,120 ,90 ,1 ,55 ,45 ,11 
70 ,110 ,80 ,55 ,80 ,105 ,2 ,56 ,45 ,4 
65 ,50 ,35 ,115 ,95 ,95 ,1 ,41 ,45 ,14 
65 ,83 ,57 ,95 ,85 ,105 ,1 ,30 ,45 ,7 
65 ,95 ,57 ,100 ,85 ,93 ,1 ,45 ,45 ,2 
65 ,125 ,100 ,55 ,70 ,85 ,2 ,55 ,45 ,4 
75 ,100 ,95 ,40 ,70 ,110 ,1 ,88 ,45 ,5 
20 ,10 ,55 ,15 ,20 ,80 ,1 ,10 ,255 ,3 
95 ,125 ,79 ,60 ,100 ,81 ,7 ,235 ,45 ,3 
130 ,85 ,80 ,85 ,95 ,60 ,2 ,220 ,45 ,3 
48 ,48 ,48 ,48 ,48 ,48 ,0 ,4 ,35 ,5 
55 ,55 ,50 ,45 ,65 ,55 ,0 ,7 ,45 ,5 
130 ,65 ,60 ,110 ,95 ,65 ,1 ,29 ,45 ,3 
65 ,65 ,60 ,110 ,95 ,130 ,1 ,25 ,45 ,7 
65 ,130 ,60 ,95 ,110 ,65 ,1 ,25 ,45 ,2 
65 ,60 ,70 ,85 ,75 ,40 ,1 ,37 ,45 ,5 
35 ,40 ,100 ,90 ,55 ,35 ,0 ,8 ,45 ,12 
70 ,60 ,125 ,115 ,70 ,55 ,1 ,35 ,45 ,12 
30 ,80 ,90 ,55 ,45 ,55 ,1 ,12 ,45 ,12 
60 ,115 ,105 ,65 ,70 ,80 ,1 ,41 ,45 ,12 
80 ,105 ,65 ,60 ,75 ,130 ,2 ,59 ,45 ,12 
160 ,110 ,65 ,65 ,110 ,30 ,2 ,460 ,25 ,5 
90 ,85 ,100 ,95 ,125 ,85 ,2 ,55 ,3 ,14 
90 ,90 ,85 ,125 ,90 ,100 ,2 ,53 ,3 ,7 
90 ,100 ,90 ,125 ,85 ,90 ,2 ,60 ,3 ,2 
41 ,64 ,45 ,50 ,50 ,50 ,2 ,3 ,45 ,15 
61 ,84 ,65 ,70 ,70 ,70 ,4 ,17 ,45 ,15 
91 ,134 ,95 ,100 ,100 ,80 ,2 ,210 ,45 ,15 
106 ,110 ,90 ,154 ,90 ,130 ,2 ,122 ,3 ,11 
100 ,100 ,100 ,100 ,100 ,100 ,0 ,4 ,45 ,11 
45 ,49 ,65 ,49 ,65 ,45 ,1 ,6 ,45 ,1 
60 ,62 ,80 ,63 ,80 ,60 ,1 ,16 ,45 ,1 
80 ,82 ,100 ,83 ,100 ,80 ,2 ,101 ,45 ,1 
39 ,52 ,43 ,60 ,50 ,65 ,1 ,8 ,45 ,2 
58 ,64 ,58 ,80 ,65 ,80 ,1 ,19 ,45 ,2 
78 ,84 ,78 ,109 ,85 ,100 ,2 ,80 ,45 ,2 
50 ,65 ,64 ,44 ,48 ,43 ,1 ,10 ,45 ,3 
65 ,80 ,80 ,59 ,63 ,58 ,1 ,25 ,45 ,3 
85 ,105 ,100 ,79 ,83 ,78 ,2 ,89 ,45 ,3 
35 ,46 ,34 ,35 ,45 ,20 ,1 ,6 ,255 ,5 
85 ,76 ,64 ,45 ,55 ,90 ,2 ,33 ,90 ,5 
60 ,30 ,30 ,36 ,56 ,50 ,1 ,21 ,255 ,5 
100 ,50 ,50 ,76 ,96 ,70 ,2 ,41 ,90 ,5 
40 ,20 ,30 ,40 ,80 ,55 ,1 ,11 ,255 ,4 
55 ,35 ,50 ,55 ,110 ,85 ,1 ,36 ,90 ,4 
40 ,60 ,40 ,40 ,40 ,30 ,1 ,9 ,255 ,4 
70 ,90 ,70 ,60 ,60 ,40 ,1 ,34 ,90 ,4 
85 ,90 ,80 ,70 ,80 ,130 ,2 ,75 ,90 ,6 
75 ,38 ,38 ,56 ,56 ,67 ,1 ,12 ,190 ,3 
125 ,58 ,58 ,76 ,76 ,67 ,1 ,23 ,75 ,3 
20 ,40 ,15 ,35 ,35 ,60 ,0 ,2 ,190 ,7 
50 ,25 ,28 ,45 ,55 ,15 ,0 ,3 ,150 ,9 
90 ,30 ,15 ,40 ,20 ,15 ,0 ,1 ,170 ,5 
35 ,20 ,65 ,40 ,65 ,20 ,0 ,2 ,190 ,9 
55 ,40 ,85 ,80 ,105 ,40 ,1 ,3 ,75 ,9 
40 ,50 ,45 ,70 ,45 ,70 ,0 ,2 ,190 ,11 
65 ,75 ,70 ,95 ,70 ,95 ,2 ,15 ,75 ,11 
55 ,40 ,40 ,65 ,45 ,35 ,1 ,8 ,235 ,7 
70 ,55 ,55 ,80 ,60 ,45 ,1 ,13 ,120 ,7 
90 ,75 ,85 ,115 ,90 ,55 ,1 ,62 ,45 ,7 
75 ,80 ,95 ,90 ,100 ,50 ,0 ,6 ,45 ,1 
70 ,20 ,50 ,20 ,50 ,40 ,0 ,9 ,190 ,3 
100 ,50 ,80 ,60 ,80 ,50 ,1 ,29 ,75 ,3 
70 ,100 ,115 ,30 ,65 ,30 ,1 ,38 ,65 ,12 
90 ,75 ,75 ,90 ,100 ,70 ,1 ,34 ,45 ,3 
35 ,35 ,40 ,35 ,55 ,50 ,0 ,1 ,255 ,1 
55 ,45 ,50 ,45 ,65 ,80 ,1 ,1 ,120 ,1 
75 ,55 ,70 ,55 ,95 ,110 ,1 ,3 ,45 ,1 
55 ,70 ,55 ,40 ,55 ,85 ,1 ,12 ,45 ,5 
30 ,30 ,30 ,30 ,30 ,30 ,0 ,2 ,235 ,1 
75 ,75 ,55 ,105 ,85 ,30 ,1 ,9 ,120 ,1 
65 ,65 ,45 ,75 ,45 ,95 ,1 ,38 ,75 ,4 
55 ,45 ,45 ,25 ,25 ,15 ,0 ,9 ,255 ,3 
95 ,85 ,85 ,65 ,65 ,35 ,1 ,75 ,90 ,3 
65 ,65 ,60 ,130 ,95 ,110 ,1 ,27 ,45 ,11 
95 ,65 ,110 ,60 ,130 ,65 ,1 ,27 ,45 ,16 
60 ,85 ,42 ,85 ,42 ,91 ,1 ,2 ,30 ,16 
95 ,75 ,80 ,100 ,110 ,30 ,2 ,80 ,70 ,3 
60 ,60 ,60 ,85 ,85 ,85 ,1 ,1 ,45 ,13 
48 ,72 ,48 ,72 ,48 ,48 ,1 ,5 ,225 ,11 
190 ,33 ,58 ,33 ,58 ,33 ,1 ,29 ,45 ,11 
70 ,80 ,65 ,90 ,65 ,85 ,2 ,42 ,60 ,5 
50 ,65 ,90 ,35 ,35 ,15 ,1 ,7 ,190 ,4 
75 ,90 ,140 ,60 ,60 ,40 ,1 ,126 ,75 ,4 
100 ,70 ,70 ,65 ,65 ,45 ,2 ,14 ,190 ,5 
65 ,75 ,105 ,35 ,65 ,85 ,1 ,65 ,60 ,8 
75 ,85 ,200 ,55 ,65 ,30 ,9 ,400 ,25 ,17 
60 ,80 ,50 ,40 ,40 ,30 ,1 ,8 ,190 ,9 
90 ,120 ,75 ,60 ,60 ,45 ,1 ,49 ,75 ,9 
65 ,95 ,75 ,55 ,55 ,85 ,1 ,4 ,45 ,3 
70 ,130 ,100 ,55 ,80 ,65 ,2 ,118 ,25 ,4 
20 ,10 ,230 ,10 ,230 ,5 ,1 ,21 ,190 ,4 
80 ,125 ,75 ,40 ,95 ,85 ,2 ,54 ,45 ,4 
55 ,95 ,55 ,35 ,75 ,115 ,1 ,28 ,60 ,16 
60 ,80 ,50 ,50 ,50 ,40 ,1 ,9 ,120 ,5 
90 ,130 ,75 ,75 ,75 ,55 ,2 ,126 ,60 ,5 
40 ,40 ,40 ,70 ,40 ,20 ,1 ,35 ,190 ,2 
50 ,50 ,120 ,80 ,80 ,30 ,1 ,55 ,75 ,2 
50 ,50 ,40 ,30 ,30 ,50 ,0 ,7 ,225 ,14 
100 ,100 ,80 ,60 ,60 ,50 ,1 ,56 ,75 ,14 
55 ,55 ,85 ,65 ,85 ,35 ,1 ,5 ,60 ,3 
35 ,65 ,35 ,65 ,35 ,65 ,1 ,12 ,190 ,3 
75 ,105 ,75 ,105 ,75 ,45 ,1 ,29 ,75 ,3 
45 ,55 ,45 ,65 ,45 ,75 ,1 ,16 ,45 ,14 
65 ,40 ,70 ,80 ,140 ,70 ,2 ,220 ,25 ,3 
65 ,80 ,140 ,40 ,70 ,70 ,2 ,51 ,25 ,17 
45 ,60 ,30 ,80 ,50 ,65 ,1 ,11 ,120 ,16 
75 ,90 ,50 ,110 ,80 ,95 ,1 ,35 ,45 ,16 
75 ,95 ,95 ,95 ,95 ,85 ,2 ,152 ,45 ,3 
90 ,60 ,60 ,40 ,40 ,40 ,1 ,34 ,120 ,8 
90 ,120 ,120 ,60 ,60 ,50 ,1 ,120 ,60 ,8 
85 ,80 ,90 ,105 ,95 ,60 ,1 ,33 ,45 ,5 
73 ,95 ,62 ,85 ,65 ,85 ,1 ,71 ,45 ,5 
55 ,20 ,35 ,20 ,45 ,75 ,1 ,58 ,45 ,5 
35 ,35 ,35 ,35 ,35 ,35 ,1 ,21 ,75 ,10 
50 ,95 ,95 ,35 ,110 ,70 ,1 ,48 ,45 ,10 
45 ,30 ,15 ,85 ,65 ,65 ,0 ,6 ,45 ,14 
45 ,63 ,37 ,65 ,55 ,95 ,1 ,24 ,45 ,7 
45 ,75 ,37 ,70 ,55 ,83 ,1 ,21 ,45 ,2 
95 ,80 ,105 ,40 ,70 ,100 ,1 ,76 ,45 ,5 
255 ,10 ,10 ,75 ,135 ,55 ,2 ,47 ,30 ,5 
90 ,85 ,75 ,115 ,100 ,115 ,2 ,178 ,3 ,7 
115 ,115 ,85 ,90 ,75 ,100 ,2 ,198 ,3 ,2 
100 ,75 ,115 ,90 ,115 ,85 ,2 ,187 ,3 ,3 
50 ,64 ,50 ,45 ,50 ,41 ,1 ,72 ,45 ,12 
70 ,84 ,70 ,65 ,70 ,51 ,1 ,152 ,45 ,12 
100 ,134 ,110 ,95 ,100 ,61 ,2 ,202 ,45 ,12 
106 ,90 ,130 ,90 ,154 ,110 ,5 ,216 ,3 ,11 
106 ,130 ,90 ,110 ,154 ,90 ,4 ,199 ,3 ,2 
100 ,100 ,100 ,100 ,100 ,100 ,1 ,5 ,45 ,11 
40 ,45 ,35 ,65 ,55 ,70 ,1 ,5 ,45 ,1 
50 ,65 ,45 ,85 ,65 ,95 ,1 ,22 ,45 ,1 
70 ,85 ,65 ,105 ,85 ,120 ,2 ,52 ,45 ,1 
45 ,60 ,40 ,70 ,50 ,45 ,0 ,3 ,45 ,2 
60 ,85 ,60 ,85 ,60 ,55 ,1 ,20 ,45 ,2 
80 ,120 ,70 ,110 ,70 ,80 ,2 ,52 ,45 ,2 
50 ,70 ,50 ,50 ,50 ,40 ,0 ,8 ,45 ,3 
70 ,85 ,70 ,60 ,70 ,50 ,1 ,28 ,45 ,3 
100 ,110 ,90 ,85 ,90 ,60 ,2 ,82 ,45 ,3 
35 ,55 ,35 ,30 ,30 ,35 ,1 ,14 ,255 ,16 
70 ,90 ,70 ,60 ,60 ,70 ,1 ,37 ,127 ,16 
38 ,30 ,41 ,30 ,41 ,60 ,0 ,18 ,255 ,5 
78 ,70 ,61 ,50 ,61 ,100 ,1 ,33 ,90 ,5 
45 ,45 ,35 ,20 ,30 ,20 ,0 ,4 ,255 ,4 
50 ,35 ,55 ,25 ,25 ,15 ,1 ,10 ,120 ,4 
60 ,70 ,50 ,100 ,50 ,65 ,1 ,28 ,45 ,4 
50 ,35 ,55 ,25 ,25 ,15 ,1 ,12 ,120 ,4 
60 ,50 ,70 ,50 ,90 ,65 ,1 ,32 ,45 ,4 
40 ,30 ,30 ,40 ,50 ,30 ,1 ,3 ,255 ,3 
60 ,50 ,50 ,60 ,70 ,50 ,1 ,33 ,120 ,3 
80 ,70 ,70 ,90 ,100 ,70 ,2 ,55 ,45 ,3 
40 ,40 ,50 ,30 ,30 ,30 ,1 ,4 ,255 ,1 
70 ,70 ,40 ,60 ,40 ,60 ,1 ,28 ,120 ,1 
90 ,100 ,60 ,90 ,60 ,80 ,1 ,60 ,45 ,1 
40 ,55 ,30 ,30 ,30 ,85 ,0 ,2 ,200 ,5 
60 ,85 ,60 ,50 ,50 ,125 ,1 ,20 ,45 ,5 
40 ,30 ,30 ,55 ,30 ,85 ,1 ,10 ,190 ,3 
60 ,50 ,100 ,85 ,70 ,65 ,1 ,28 ,45 ,3 
28 ,25 ,25 ,45 ,35 ,40 ,0 ,7 ,235 ,11 
38 ,35 ,35 ,65 ,55 ,50 ,1 ,20 ,120 ,11 
68 ,65 ,65 ,125 ,115 ,80 ,2 ,48 ,45 ,11 
40 ,30 ,32 ,50 ,52 ,65 ,1 ,2 ,200 ,4 
70 ,60 ,62 ,80 ,82 ,60 ,1 ,4 ,75 ,4 
60 ,40 ,60 ,40 ,60 ,35 ,0 ,5 ,255 ,1 
60 ,130 ,80 ,60 ,60 ,70 ,1 ,39 ,90 ,1 
60 ,60 ,60 ,35 ,35 ,30 ,1 ,24 ,255 ,5 
80 ,80 ,80 ,55 ,55 ,90 ,1 ,47 ,120 ,5 
150 ,160 ,100 ,95 ,65 ,100 ,2 ,131 ,45 ,5 
31 ,45 ,90 ,30 ,30 ,40 ,1 ,6 ,255 ,4 
61 ,90 ,45 ,50 ,50 ,160 ,1 ,12 ,120 ,4 
1 ,90 ,45 ,30 ,30 ,40 ,1 ,1 ,45 ,4 
64 ,51 ,23 ,51 ,23 ,28 ,1 ,16 ,190 ,5 
84 ,71 ,43 ,71 ,43 ,48 ,1 ,41 ,120 ,5 
104 ,91 ,63 ,91 ,73 ,68 ,2 ,84 ,45 ,5 
72 ,60 ,30 ,20 ,30 ,25 ,1 ,86 ,180 ,10 
144 ,120 ,60 ,40 ,60 ,50 ,2 ,254 ,200 ,10 
50 ,20 ,40 ,20 ,40 ,20 ,0 ,2 ,150 ,5 
30 ,45 ,135 ,45 ,90 ,30 ,1 ,97 ,255 ,12 
50 ,45 ,45 ,35 ,35 ,50 ,1 ,11 ,255 ,5 
70 ,65 ,65 ,55 ,55 ,70 ,1 ,33 ,60 ,5 
50 ,75 ,75 ,65 ,65 ,50 ,1 ,11 ,45 ,16 
50 ,85 ,85 ,55 ,55 ,50 ,1 ,12 ,45 ,17 
50 ,70 ,100 ,40 ,40 ,30 ,0 ,60 ,180 ,17 
60 ,90 ,140 ,50 ,50 ,40 ,1 ,120 ,90 ,17 
70 ,110 ,180 ,60 ,60 ,50 ,2 ,360 ,45 ,17 
30 ,40 ,55 ,40 ,55 ,60 ,1 ,11 ,180 ,10 
60 ,60 ,75 ,60 ,75 ,80 ,1 ,32 ,90 ,10 
40 ,45 ,40 ,65 ,40 ,65 ,1 ,15 ,120 ,7 
70 ,75 ,60 ,105 ,60 ,105 ,2 ,40 ,45 ,7 
60 ,50 ,40 ,85 ,75 ,95 ,0 ,4 ,200 ,7 
60 ,40 ,50 ,75 ,85 ,95 ,0 ,4 ,200 ,7 
65 ,73 ,55 ,47 ,75 ,85 ,1 ,18 ,150 ,4 
65 ,47 ,55 ,73 ,75 ,85 ,1 ,18 ,150 ,4 
50 ,60 ,45 ,100 ,80 ,65 ,0 ,2 ,150 ,1 
70 ,43 ,53 ,43 ,53 ,40 ,0 ,10 ,225 ,6 
100 ,73 ,83 ,73 ,83 ,55 ,2 ,80 ,75 ,6 
45 ,90 ,20 ,65 ,20 ,65 ,1 ,21 ,225 ,3 
70 ,120 ,40 ,95 ,40 ,95 ,2 ,89 ,60 ,3 
130 ,70 ,35 ,70 ,35 ,60 ,2 ,130 ,125 ,3 
170 ,90 ,45 ,90 ,45 ,60 ,15 ,398 ,60 ,3 
60 ,60 ,40 ,65 ,45 ,35 ,1 ,24 ,255 ,2 
70 ,100 ,70 ,105 ,75 ,40 ,2 ,220 ,150 ,2 
70 ,85 ,140 ,85 ,70 ,20 ,1 ,80 ,90 ,2 
60 ,25 ,35 ,70 ,80 ,60 ,1 ,31 ,255 ,11 
80 ,45 ,65 ,90 ,110 ,80 ,1 ,72 ,60 ,11 
60 ,60 ,60 ,60 ,60 ,60 ,1 ,5 ,255 ,5 
45 ,100 ,45 ,45 ,45 ,10 ,1 ,15 ,255 ,8 
50 ,70 ,50 ,50 ,50 ,70 ,1 ,15 ,120 ,8 
80 ,100 ,80 ,80 ,80 ,100 ,2 ,82 ,45 ,8 
50 ,85 ,40 ,85 ,40 ,35 ,0 ,51 ,190 ,1 
70 ,115 ,60 ,115 ,60 ,55 ,1 ,77 ,60 ,1 
45 ,40 ,60 ,40 ,75 ,50 ,0 ,1 ,255 ,5 
75 ,70 ,90 ,70 ,105 ,80 ,1 ,21 ,45 ,15 
73 ,115 ,60 ,60 ,60 ,90 ,1 ,40 ,90 ,5 
73 ,100 ,60 ,100 ,60 ,65 ,3 ,53 ,90 ,6 
70 ,55 ,65 ,95 ,85 ,70 ,1 ,168 ,45 ,12 
70 ,95 ,85 ,55 ,65 ,70 ,1 ,154 ,45 ,12 
50 ,48 ,43 ,46 ,41 ,60 ,0 ,2 ,190 ,3 
110 ,78 ,73 ,76 ,71 ,60 ,1 ,24 ,75 ,3 
43 ,80 ,65 ,50 ,35 ,35 ,1 ,12 ,205 ,3 
63 ,120 ,85 ,90 ,55 ,55 ,1 ,33 ,155 ,3 
40 ,40 ,55 ,40 ,70 ,55 ,1 ,22 ,255 ,8 
60 ,70 ,105 ,70 ,120 ,75 ,2 ,108 ,90 ,8 
66 ,41 ,77 ,61 ,87 ,23 ,1 ,24 ,45 ,12 
86 ,81 ,97 ,81 ,107 ,43 ,2 ,60 ,45 ,12 
45 ,95 ,50 ,40 ,50 ,75 ,1 ,13 ,45 ,12 
75 ,125 ,100 ,70 ,80 ,45 ,2 ,68 ,45 ,12 
20 ,15 ,20 ,10 ,55 ,80 ,1 ,7 ,255 ,3 
95 ,60 ,79 ,100 ,125 ,81 ,6 ,162 ,60 ,3 
70 ,70 ,70 ,70 ,70 ,70 ,0 ,1 ,45 ,5 
60 ,90 ,70 ,60 ,120 ,40 ,1 ,22 ,200 ,5 
44 ,75 ,35 ,63 ,33 ,45 ,1 ,2 ,225 ,13 
64 ,115 ,65 ,83 ,63 ,65 ,1 ,13 ,45 ,13 
20 ,40 ,90 ,30 ,90 ,25 ,1 ,15 ,190 ,13 
40 ,70 ,130 ,60 ,130 ,25 ,2 ,31 ,90 ,13 
99 ,68 ,83 ,72 ,87 ,51 ,2 ,100 ,200 ,1 
65 ,50 ,70 ,95 ,80 ,65 ,1 ,1 ,45 ,11 
65 ,130 ,60 ,75 ,60 ,75 ,1 ,47 ,30 ,16 
95 ,23 ,48 ,23 ,48 ,23 ,1 ,14 ,125 ,11 
50 ,50 ,50 ,50 ,50 ,50 ,1 ,17 ,190 ,14 
80 ,80 ,80 ,80 ,80 ,80 ,2 ,257 ,75 ,14 
70 ,40 ,50 ,55 ,50 ,25 ,1 ,40 ,255 ,14 
90 ,60 ,70 ,75 ,70 ,45 ,1 ,88 ,120 ,14 
110 ,80 ,90 ,95 ,90 ,65 ,1 ,151 ,45 ,14 
35 ,64 ,85 ,74 ,55 ,32 ,0 ,53 ,255 ,3 
55 ,104 ,105 ,94 ,75 ,52 ,2 ,27 ,60 ,3 
55 ,84 ,105 ,114 ,75 ,52 ,2 ,23 ,60 ,3 
100 ,90 ,130 ,45 ,65 ,55 ,1 ,23 ,25 ,3 
43 ,30 ,55 ,40 ,65 ,97 ,1 ,9 ,225 ,3 
45 ,75 ,60 ,40 ,30 ,50 ,1 ,42 ,45 ,15 
65 ,95 ,100 ,60 ,50 ,50 ,1 ,111 ,45 ,15 
95 ,135 ,80 ,110 ,80 ,100 ,2 ,103 ,45 ,15 
40 ,55 ,80 ,35 ,60 ,30 ,1 ,95 ,3 ,17 
60 ,75 ,100 ,55 ,80 ,50 ,1 ,203 ,3 ,17 
80 ,135 ,130 ,95 ,90 ,70 ,2 ,550 ,3 ,17 
80 ,100 ,200 ,50 ,100 ,50 ,2 ,230 ,3 ,12 
80 ,50 ,100 ,100 ,200 ,50 ,2 ,175 ,3 ,14 
80 ,75 ,150 ,75 ,150 ,50 ,2 ,205 ,3 ,17 
80 ,80 ,90 ,110 ,130 ,110 ,1 ,40 ,3 ,15 
80 ,90 ,80 ,130 ,110 ,110 ,2 ,60 ,3 ,15 
100 ,100 ,90 ,150 ,140 ,90 ,5 ,352 ,3 ,3 
100 ,150 ,140 ,100 ,90 ,90 ,4 ,950 ,3 ,8 
105 ,150 ,90 ,150 ,90 ,95 ,7 ,207 ,45 ,15 
100 ,100 ,100 ,100 ,100 ,100 ,0 ,1 ,3 ,17 
50 ,150 ,50 ,150 ,50 ,150 ,2 ,61 ,3 ,11 
55 ,68 ,64 ,45 ,55 ,31 ,0 ,10 ,45 ,1 
75 ,89 ,85 ,55 ,65 ,36 ,1 ,97 ,45 ,1 
95 ,109 ,105 ,75 ,85 ,56 ,2 ,310 ,45 ,1 
44 ,58 ,44 ,58 ,44 ,61 ,1 ,6 ,45 ,2 
64 ,78 ,52 ,78 ,52 ,81 ,1 ,22 ,45 ,2 
76 ,104 ,71 ,104 ,71 ,108 ,1 ,55 ,45 ,2 
53 ,51 ,53 ,61 ,56 ,40 ,0 ,5 ,45 ,3 
64 ,66 ,68 ,81 ,76 ,50 ,1 ,23 ,45 ,3 
84 ,86 ,88 ,111 ,101 ,60 ,2 ,85 ,45 ,3 
40 ,55 ,30 ,30 ,30 ,60 ,0 ,2 ,255 ,5 
55 ,75 ,50 ,40 ,40 ,80 ,1 ,16 ,120 ,5 
85 ,120 ,70 ,50 ,60 ,100 ,1 ,25 ,45 ,5 
59 ,45 ,40 ,35 ,40 ,31 ,1 ,20 ,255 ,5 
79 ,85 ,60 ,55 ,60 ,71 ,1 ,32 ,127 ,5 
37 ,25 ,41 ,25 ,41 ,25 ,0 ,2 ,255 ,4 
77 ,85 ,51 ,55 ,51 ,65 ,1 ,26 ,45 ,4 
45 ,65 ,34 ,40 ,34 ,45 ,1 ,10 ,235 ,7 
60 ,85 ,49 ,60 ,49 ,60 ,1 ,31 ,120 ,7 
80 ,120 ,79 ,95 ,79 ,70 ,1 ,42 ,45 ,7 
40 ,30 ,35 ,50 ,70 ,55 ,0 ,1 ,255 ,1 
60 ,70 ,65 ,125 ,105 ,90 ,1 ,15 ,75 ,1 
67 ,125 ,40 ,30 ,30 ,58 ,1 ,32 ,45 ,12 
97 ,165 ,60 ,65 ,50 ,58 ,2 ,103 ,45 ,12 
30 ,42 ,118 ,42 ,88 ,30 ,1 ,57 ,45 ,12 
60 ,52 ,168 ,47 ,138 ,30 ,1 ,150 ,45 ,12 
40 ,29 ,45 ,29 ,45 ,36 ,0 ,3 ,120 ,4 
60 ,59 ,85 ,79 ,105 ,36 ,1 ,7 ,45 ,4 
70 ,94 ,50 ,94 ,50 ,66 ,1 ,23 ,45 ,4 
30 ,30 ,42 ,30 ,42 ,70 ,0 ,6 ,120 ,4 
70 ,80 ,102 ,80 ,102 ,40 ,1 ,39 ,45 ,4 
60 ,45 ,70 ,45 ,90 ,95 ,0 ,4 ,200 ,7 
55 ,65 ,35 ,60 ,30 ,85 ,1 ,30 ,190 ,3 
85 ,105 ,55 ,85 ,50 ,115 ,1 ,34 ,75 ,3 
45 ,35 ,45 ,62 ,53 ,35 ,0 ,3 ,190 ,1 
70 ,60 ,70 ,87 ,78 ,85 ,1 ,9 ,75 ,1 
76 ,48 ,48 ,57 ,62 ,34 ,0 ,6 ,190 ,3 
111 ,83 ,68 ,92 ,82 ,39 ,1 ,30 ,75 ,3 
75 ,100 ,66 ,60 ,66 ,115 ,1 ,20 ,45 ,5 
90 ,50 ,34 ,60 ,44 ,70 ,0 ,1 ,125 ,13 
150 ,80 ,44 ,90 ,54 ,80 ,1 ,15 ,60 ,13 
55 ,66 ,44 ,44 ,56 ,85 ,0 ,6 ,190 ,5 
65 ,76 ,84 ,54 ,96 ,105 ,1 ,33 ,60 ,5 
60 ,60 ,60 ,105 ,105 ,105 ,1 ,4 ,45 ,13 
100 ,125 ,52 ,105 ,52 ,71 ,1 ,27 ,30 ,16 
49 ,55 ,42 ,42 ,37 ,85 ,1 ,4 ,190 ,5 
71 ,82 ,64 ,64 ,59 ,112 ,1 ,44 ,75 ,5 
45 ,30 ,50 ,65 ,50 ,45 ,0 ,1 ,120 ,11 
63 ,63 ,47 ,41 ,41 ,74 ,0 ,19 ,225 ,6 
103 ,93 ,67 ,71 ,61 ,84 ,1 ,38 ,60 ,6 
57 ,24 ,86 ,24 ,86 ,23 ,1 ,61 ,255 ,17 
67 ,89 ,116 ,79 ,116 ,33 ,1 ,187 ,90 ,17 
50 ,80 ,95 ,10 ,45 ,10 ,1 ,15 ,255 ,12 
20 ,25 ,45 ,70 ,90 ,60 ,1 ,13 ,145 ,11 
100 ,5 ,5 ,15 ,65 ,30 ,1 ,24 ,130 ,5 
76 ,65 ,45 ,92 ,42 ,91 ,1 ,2 ,30 ,5 
50 ,92 ,108 ,92 ,108 ,35 ,1 ,108 ,100 ,13 
58 ,70 ,45 ,40 ,45 ,42 ,1 ,21 ,45 ,15 
68 ,90 ,65 ,50 ,55 ,82 ,1 ,56 ,45 ,15 
108 ,130 ,95 ,80 ,85 ,102 ,2 ,95 ,45 ,15 
135 ,85 ,40 ,40 ,85 ,5 ,1 ,105 ,50 ,5 
40 ,70 ,40 ,35 ,40 ,60 ,1 ,20 ,75 ,10 
70 ,110 ,70 ,115 ,70 ,90 ,1 ,54 ,45 ,10 
68 ,72 ,78 ,38 ,42 ,32 ,1 ,50 ,140 ,8 
108 ,112 ,118 ,68 ,72 ,47 ,2 ,300 ,60 ,8 
40 ,50 ,90 ,30 ,55 ,65 ,1 ,12 ,120 ,6 
70 ,90 ,110 ,60 ,75 ,95 ,1 ,62 ,45 ,6 
48 ,61 ,40 ,61 ,40 ,50 ,1 ,23 ,140 ,6 
83 ,106 ,65 ,86 ,65 ,85 ,1 ,44 ,75 ,6 
74 ,100 ,72 ,90 ,72 ,46 ,1 ,27 ,200 ,1 
49 ,49 ,56 ,49 ,61 ,66 ,0 ,7 ,190 ,3 
69 ,69 ,76 ,69 ,86 ,91 ,1 ,24 ,75 ,3 
45 ,20 ,50 ,60 ,120 ,50 ,1 ,65 ,25 ,3 
60 ,62 ,50 ,62 ,60 ,40 ,1 ,51 ,120 ,1 
90 ,92 ,75 ,92 ,85 ,60 ,2 ,136 ,60 ,1 
70 ,120 ,65 ,45 ,85 ,125 ,1 ,34 ,45 ,16 
70 ,70 ,115 ,130 ,90 ,60 ,1 ,180 ,30 ,7 
110 ,85 ,95 ,80 ,95 ,50 ,2 ,140 ,30 ,5 
115 ,140 ,130 ,55 ,55 ,40 ,2 ,283 ,30 ,8 
100 ,100 ,125 ,110 ,50 ,50 ,2 ,129 ,30 ,1 
75 ,123 ,67 ,95 ,85 ,95 ,2 ,139 ,30 ,7 
75 ,95 ,67 ,125 ,95 ,83 ,2 ,68 ,30 ,2 
85 ,50 ,95 ,120 ,115 ,80 ,2 ,38 ,30 ,9 
86 ,76 ,86 ,116 ,56 ,95 ,2 ,52 ,30 ,4 
65 ,110 ,130 ,60 ,65 ,95 ,1 ,26 ,45 ,1 
65 ,60 ,110 ,130 ,95 ,65 ,1 ,26 ,45 ,14 
75 ,95 ,125 ,45 ,75 ,95 ,2 ,43 ,30 ,8 
110 ,130 ,80 ,70 ,60 ,80 ,2 ,291 ,50 ,14 
85 ,80 ,70 ,135 ,75 ,90 ,1 ,34 ,30 ,5 
68 ,125 ,65 ,65 ,115 ,80 ,2 ,52 ,45 ,11 
60 ,55 ,145 ,75 ,150 ,40 ,1 ,340 ,60 ,12 
45 ,100 ,135 ,65 ,135 ,45 ,2 ,107 ,45 ,13 
70 ,80 ,70 ,80 ,70 ,110 ,1 ,27 ,75 ,14 
50 ,50 ,77 ,95 ,77 ,91 ,0 ,0 ,45 ,7 
75 ,75 ,130 ,75 ,130 ,95 ,0 ,0 ,3 ,11 
80 ,105 ,105 ,105 ,105 ,80 ,0 ,0 ,3 ,11 
75 ,125 ,70 ,125 ,70 ,115 ,0 ,0 ,3 ,11 
100 ,120 ,120 ,150 ,100 ,90 ,5 ,683 ,3 ,17 
90 ,120 ,100 ,150 ,120 ,100 ,4 ,336 ,3 ,3 
91 ,90 ,106 ,130 ,106 ,77 ,2 ,430 ,3 ,2 
110 ,160 ,110 ,80 ,110 ,100 ,4 ,420 ,3 ,5 
150 ,120 ,100 ,120 ,100 ,90 ,7 ,650 ,3 ,13 
120 ,70 ,120 ,75 ,130 ,85 ,2 ,86 ,3 ,11 
80 ,80 ,80 ,80 ,80 ,80 ,0 ,3 ,30 ,3 
100 ,100 ,100 ,100 ,100 ,100 ,0 ,1 ,3 ,3 
70 ,90 ,90 ,135 ,90 ,125 ,2 ,51 ,3 ,16 
100 ,100 ,100 ,100 ,100 ,100 ,0 ,2 ,45 ,1 
120 ,120 ,120 ,120 ,120 ,120 ,3 ,320 ,3 ,5 
100 ,100 ,100 ,100 ,100 ,100 ,0 ,4 ,3 ,11 
45 ,45 ,55 ,45 ,55 ,63 ,1 ,8 ,45 ,1 
60 ,60 ,75 ,60 ,75 ,83 ,1 ,16 ,45 ,1 
75 ,75 ,95 ,75 ,95 ,113 ,3 ,63 ,45 ,1 
65 ,63 ,45 ,45 ,45 ,45 ,1 ,10 ,45 ,2 
90 ,93 ,55 ,70 ,55 ,55 ,1 ,56 ,45 ,2 
110 ,123 ,65 ,100 ,65 ,65 ,2 ,150 ,45 ,2 
55 ,55 ,45 ,63 ,45 ,45 ,1 ,6 ,45 ,3 
75 ,75 ,60 ,83 ,60 ,60 ,1 ,25 ,45 ,3 
95 ,100 ,85 ,108 ,70 ,70 ,2 ,95 ,45 ,3 
45 ,55 ,39 ,35 ,39 ,42 ,1 ,12 ,255 ,5 
60 ,85 ,69 ,60 ,69 ,77 ,1 ,27 ,255 ,5 
45 ,60 ,45 ,25 ,45 ,55 ,0 ,4 ,255 ,5 
65 ,80 ,65 ,35 ,65 ,60 ,1 ,15 ,120 ,5 
85 ,110 ,90 ,45 ,90 ,80 ,1 ,61 ,45 ,5 
41 ,50 ,37 ,50 ,37 ,66 ,0 ,10 ,255 ,16 
64 ,88 ,50 ,88 ,50 ,106 ,1 ,38 ,90 ,16 
50 ,53 ,48 ,53 ,48 ,64 ,1 ,11 ,190 ,1 
75 ,98 ,63 ,98 ,63 ,101 ,1 ,31 ,75 ,1 
50 ,53 ,48 ,53 ,48 ,64 ,1 ,11 ,190 ,2 
75 ,98 ,63 ,98 ,63 ,101 ,1 ,28 ,75 ,2 
50 ,53 ,48 ,53 ,48 ,64 ,1 ,14 ,190 ,3 
75 ,98 ,63 ,98 ,63 ,101 ,1 ,29 ,75 ,3 
76 ,25 ,45 ,67 ,55 ,24 ,1 ,23 ,190 ,11 
116 ,55 ,85 ,107 ,95 ,29 ,1 ,61 ,75 ,11 
50 ,55 ,50 ,36 ,30 ,43 ,0 ,2 ,255 ,5 
62 ,77 ,62 ,50 ,42 ,65 ,1 ,15 ,120 ,5 
80 ,115 ,80 ,65 ,55 ,93 ,1 ,29 ,45 ,5 
45 ,60 ,32 ,50 ,32 ,76 ,1 ,30 ,190 ,7 
75 ,100 ,63 ,80 ,63 ,116 ,2 ,80 ,75 ,7 
55 ,75 ,85 ,25 ,25 ,15 ,0 ,18 ,255 ,12 
70 ,105 ,105 ,50 ,40 ,20 ,1 ,102 ,120 ,12 
85 ,135 ,130 ,60 ,80 ,25 ,2 ,260 ,45 ,12 
55 ,45 ,43 ,55 ,43 ,72 ,0 ,2 ,190 ,11 
67 ,57 ,55 ,77 ,55 ,114 ,1 ,11 ,45 ,11 
60 ,85 ,40 ,30 ,45 ,68 ,0 ,9 ,120 ,8 
110 ,135 ,60 ,50 ,65 ,88 ,1 ,40 ,60 ,8 
103 ,60 ,86 ,60 ,86 ,50 ,1 ,31 ,255 ,5 
75 ,80 ,55 ,25 ,35 ,35 ,1 ,13 ,180 ,10 
85 ,105 ,85 ,40 ,50 ,40 ,1 ,40 ,90 ,10 
105 ,140 ,95 ,55 ,65 ,45 ,1 ,87 ,45 ,10 
50 ,50 ,40 ,50 ,40 ,64 ,1 ,5 ,255 ,3 
75 ,65 ,55 ,65 ,55 ,69 ,1 ,17 ,120 ,3 
105 ,95 ,75 ,85 ,75 ,74 ,2 ,62 ,45 ,3 
120 ,100 ,85 ,30 ,85 ,45 ,1 ,56 ,45 ,10 
75 ,125 ,75 ,30 ,75 ,85 ,1 ,51 ,45 ,10 
45 ,53 ,70 ,40 ,60 ,42 ,0 ,3 ,255 ,4 
55 ,63 ,90 ,50 ,80 ,42 ,1 ,7 ,120 ,4 
75 ,103 ,80 ,70 ,80 ,92 ,1 ,21 ,45 ,4 
30 ,45 ,59 ,30 ,39 ,57 ,0 ,5 ,255 ,4 
40 ,55 ,99 ,40 ,79 ,47 ,1 ,59 ,120 ,4 
60 ,100 ,89 ,55 ,69 ,112 ,2 ,201 ,45 ,4 
40 ,27 ,60 ,37 ,50 ,66 ,0 ,1 ,190 ,1 
60 ,67 ,85 ,77 ,75 ,116 ,1 ,7 ,75 ,1 
45 ,35 ,50 ,70 ,50 ,30 ,1 ,7 ,190 ,1 
70 ,60 ,75 ,110 ,75 ,90 ,1 ,16 ,75 ,1 
70 ,92 ,65 ,80 ,55 ,98 ,1 ,18 ,25 ,3 
50 ,72 ,35 ,35 ,35 ,65 ,1 ,15 ,180 ,8 
60 ,82 ,45 ,45 ,45 ,74 ,1 ,33 ,90 ,8 
95 ,117 ,80 ,65 ,70 ,92 ,2 ,96 ,45 ,8 
70 ,90 ,45 ,15 ,45 ,50 ,1 ,38 ,120 ,2 
105 ,140 ,55 ,30 ,55 ,95 ,1 ,93 ,60 ,2 
75 ,86 ,67 ,106 ,67 ,60 ,1 ,28 ,255 ,1 
50 ,65 ,85 ,35 ,35 ,55 ,0 ,15 ,190 ,4 
70 ,95 ,125 ,65 ,75 ,45 ,1 ,200 ,75 ,4 
50 ,75 ,70 ,35 ,70 ,48 ,1 ,12 ,180 ,16 
65 ,90 ,115 ,45 ,115 ,58 ,1 ,30 ,90 ,16 
72 ,58 ,80 ,103 ,80 ,97 ,1 ,14 ,45 ,11 
38 ,30 ,85 ,55 ,65 ,30 ,1 ,2 ,190 ,13 
58 ,50 ,145 ,95 ,105 ,30 ,2 ,77 ,90 ,13 
54 ,78 ,103 ,53 ,45 ,22 ,1 ,17 ,45 ,3 
74 ,108 ,133 ,83 ,65 ,32 ,1 ,81 ,45 ,3 
55 ,112 ,45 ,74 ,45 ,70 ,1 ,10 ,45 ,12 
75 ,140 ,65 ,112 ,65 ,110 ,1 ,32 ,45 ,12 
50 ,50 ,62 ,40 ,62 ,65 ,1 ,31 ,190 ,6 
80 ,95 ,82 ,60 ,82 ,75 ,2 ,107 ,60 ,6 
40 ,65 ,40 ,80 ,40 ,65 ,1 ,13 ,75 ,16 
60 ,105 ,60 ,120 ,60 ,105 ,2 ,81 ,45 ,16 
55 ,50 ,40 ,40 ,40 ,75 ,0 ,6 ,255 ,5 
75 ,95 ,60 ,65 ,60 ,115 ,1 ,8 ,60 ,5 
45 ,30 ,50 ,55 ,65 ,45 ,0 ,6 ,200 ,11 
60 ,45 ,70 ,75 ,85 ,55 ,1 ,18 ,100 ,11 
70 ,55 ,95 ,95 ,110 ,65 ,2 ,44 ,50 ,11 
45 ,30 ,40 ,105 ,50 ,20 ,0 ,1 ,200 ,11 
65 ,40 ,50 ,125 ,60 ,30 ,1 ,8 ,100 ,11 
110 ,65 ,75 ,125 ,85 ,30 ,1 ,20 ,50 ,11 
62 ,44 ,50 ,44 ,50 ,55 ,1 ,6 ,190 ,3 
75 ,87 ,63 ,87 ,63 ,98 ,1 ,24 ,45 ,3 
36 ,50 ,50 ,65 ,60 ,44 ,0 ,6 ,255 ,14 
51 ,65 ,65 ,80 ,75 ,59 ,1 ,41 ,120 ,14 
71 ,95 ,85 ,110 ,95 ,79 ,1 ,58 ,45 ,14 
60 ,60 ,50 ,40 ,50 ,75 ,1 ,20 ,190 ,5 
80 ,100 ,70 ,60 ,70 ,95 ,2 ,93 ,75 ,5 
55 ,75 ,60 ,75 ,60 ,103 ,0 ,5 ,200 ,7 
50 ,75 ,45 ,40 ,45 ,60 ,1 ,6 ,200 ,4 
70 ,135 ,105 ,60 ,105 ,20 ,1 ,33 ,75 ,4 
69 ,55 ,45 ,55 ,55 ,15 ,0 ,1 ,190 ,1 
114 ,85 ,70 ,85 ,80 ,30 ,1 ,11 ,75 ,1 
55 ,40 ,50 ,65 ,85 ,40 ,1 ,33 ,190 ,3 
100 ,60 ,70 ,85 ,105 ,60 ,2 ,135 ,60 ,3 
165 ,75 ,80 ,40 ,45 ,65 ,1 ,32 ,75 ,3 
50 ,47 ,50 ,57 ,50 ,65 ,0 ,1 ,190 ,4 
70 ,77 ,60 ,97 ,60 ,108 ,1 ,14 ,75 ,4 
44 ,50 ,91 ,24 ,86 ,10 ,1 ,19 ,255 ,1 
74 ,94 ,131 ,54 ,116 ,20 ,1 ,110 ,90 ,1 
40 ,55 ,70 ,45 ,60 ,30 ,0 ,21 ,130 ,17 
60 ,80 ,95 ,70 ,85 ,50 ,1 ,51 ,60 ,17 
60 ,100 ,115 ,70 ,85 ,90 ,1 ,81 ,30 ,17 
35 ,55 ,40 ,45 ,40 ,60 ,0 ,0 ,190 ,7 
65 ,85 ,70 ,75 ,70 ,40 ,1 ,22 ,60 ,7 
85 ,115 ,80 ,105 ,80 ,50 ,2 ,81 ,30 ,7 
55 ,55 ,55 ,85 ,55 ,30 ,1 ,9 ,255 ,11 
75 ,75 ,75 ,125 ,95 ,40 ,1 ,35 ,90 ,11 
50 ,30 ,55 ,65 ,55 ,20 ,0 ,3 ,190 ,13 
60 ,40 ,60 ,95 ,60 ,55 ,1 ,13 ,90 ,13 
60 ,55 ,90 ,145 ,90 ,80 ,1 ,34 ,45 ,13 
46 ,87 ,60 ,30 ,40 ,57 ,1 ,18 ,75 ,15 
66 ,117 ,70 ,40 ,50 ,67 ,1 ,36 ,60 ,15 
76 ,147 ,90 ,60 ,70 ,97 ,2 ,106 ,45 ,15 
55 ,70 ,40 ,60 ,40 ,40 ,1 ,9 ,120 ,14 
95 ,110 ,80 ,70 ,80 ,50 ,3 ,260 ,60 ,14 
70 ,50 ,30 ,95 ,135 ,105 ,1 ,148 ,25 ,14 
50 ,40 ,85 ,40 ,65 ,25 ,0 ,8 ,200 ,4 
80 ,70 ,40 ,100 ,60 ,145 ,1 ,25 ,75 ,4 
109 ,66 ,84 ,81 ,99 ,32 ,1 ,11 ,75 ,8 
45 ,85 ,50 ,55 ,50 ,65 ,1 ,20 ,180 ,10 
65 ,125 ,60 ,95 ,60 ,105 ,1 ,36 ,45 ,10 
77 ,120 ,90 ,60 ,90 ,48 ,2 ,139 ,45 ,15 
59 ,74 ,50 ,35 ,50 ,35 ,1 ,92 ,190 ,8 
89 ,124 ,80 ,55 ,80 ,55 ,3 ,330 ,90 ,8 
45 ,85 ,70 ,40 ,40 ,60 ,1 ,10 ,120 ,16 
65 ,125 ,100 ,60 ,70 ,70 ,2 ,70 ,45 ,16 
95 ,110 ,95 ,40 ,95 ,55 ,2 ,95 ,45 ,5 
70 ,83 ,50 ,37 ,50 ,60 ,1 ,11 ,190 ,5 
100 ,123 ,75 ,57 ,75 ,80 ,2 ,41 ,60 ,5 
70 ,55 ,75 ,45 ,65 ,60 ,1 ,9 ,190 ,16 
110 ,65 ,105 ,55 ,95 ,80 ,1 ,40 ,60 ,16 
85 ,97 ,66 ,105 ,66 ,65 ,1 ,58 ,90 ,2 
58 ,109 ,112 ,48 ,48 ,109 ,0 ,33 ,90 ,4 
52 ,65 ,50 ,45 ,50 ,38 ,1 ,17 ,45 ,16 
72 ,85 ,70 ,65 ,70 ,58 ,1 ,50 ,45 ,16 
92 ,105 ,90 ,125 ,90 ,98 ,2 ,160 ,45 ,16 
55 ,85 ,55 ,50 ,55 ,60 ,1 ,29 ,45 ,4 
85 ,60 ,65 ,135 ,105 ,100 ,2 ,46 ,15 ,4 
91 ,90 ,129 ,90 ,72 ,108 ,2 ,250 ,3 ,17 
91 ,129 ,90 ,72 ,90 ,108 ,2 ,260 ,3 ,12 
91 ,90 ,72 ,90 ,129 ,108 ,2 ,200 ,3 ,1 
79 ,115 ,70 ,125 ,80 ,111 ,2 ,63 ,3 ,18 
79 ,115 ,70 ,125 ,80 ,111 ,2 ,61 ,3 ,7 
100 ,120 ,100 ,150 ,120 ,90 ,3 ,330 ,3 ,15 
100 ,150 ,120 ,120 ,100 ,90 ,3 ,345 ,3 ,15 
89 ,125 ,90 ,115 ,80 ,101 ,2 ,68 ,3 ,8 
125 ,130 ,90 ,130 ,90 ,95 ,3 ,325 ,3 ,15 
91 ,72 ,90 ,129 ,90 ,108 ,1 ,49 ,3 ,3 
100 ,77 ,77 ,128 ,128 ,90 ,1 ,7 ,3 ,5 
71 ,120 ,95 ,120 ,95 ,99 ,2 ,83 ,3 ,4 
56 ,61 ,65 ,48 ,45 ,38 ,0 ,9 ,45 ,1 
61 ,78 ,95 ,56 ,58 ,57 ,1 ,29 ,45 ,1 
88 ,107 ,122 ,74 ,75 ,64 ,2 ,90 ,45 ,1 
40 ,45 ,40 ,62 ,60 ,60 ,0 ,9 ,45 ,2 
59 ,59 ,58 ,90 ,70 ,73 ,1 ,15 ,45 ,2 
75 ,69 ,72 ,114 ,100 ,104 ,2 ,39 ,45 ,2 
41 ,56 ,40 ,62 ,44 ,71 ,0 ,7 ,45 ,3 
54 ,63 ,52 ,83 ,56 ,97 ,1 ,11 ,45 ,3 
72 ,95 ,67 ,103 ,71 ,122 ,2 ,40 ,45 ,3 
38 ,36 ,38 ,32 ,36 ,57 ,0 ,5 ,255 ,5 
85 ,56 ,77 ,50 ,77 ,78 ,1 ,42 ,127 ,5 
45 ,50 ,43 ,40 ,38 ,62 ,0 ,2 ,255 ,5 
62 ,73 ,55 ,56 ,52 ,84 ,1 ,16 ,120 ,2 
78 ,81 ,71 ,74 ,69 ,126 ,1 ,25 ,45 ,2 
38 ,35 ,40 ,27 ,25 ,35 ,0 ,3 ,255 ,4 
45 ,22 ,60 ,27 ,30 ,29 ,0 ,8 ,120 ,4 
80 ,52 ,50 ,90 ,50 ,89 ,1 ,17 ,45 ,4 
62 ,50 ,58 ,73 ,54 ,72 ,1 ,14 ,220 ,2 
86 ,68 ,72 ,109 ,66 ,106 ,2 ,82 ,65 ,2 
44 ,38 ,39 ,61 ,79 ,42 ,0 ,0 ,225 ,9 
54 ,45 ,47 ,75 ,98 ,52 ,0 ,1 ,120 ,9 
78 ,65 ,68 ,112 ,154 ,75 ,1 ,10 ,45 ,9 
66 ,65 ,48 ,62 ,57 ,52 ,1 ,31 ,200 ,1 
123 ,100 ,62 ,97 ,81 ,68 ,2 ,91 ,45 ,1 
67 ,82 ,62 ,46 ,48 ,43 ,1 ,8 ,220 ,10 
95 ,124 ,78 ,69 ,71 ,58 ,2 ,136 ,65 ,10 
75 ,80 ,60 ,65 ,90 ,102 ,1 ,28 ,160 ,5 
62 ,48 ,54 ,63 ,60 ,68 ,0 ,4 ,190 ,11 
74 ,48 ,76 ,83 ,81 ,104 ,1 ,9 ,75 ,11 
45 ,80 ,100 ,35 ,37 ,28 ,1 ,2 ,180 ,17 
59 ,110 ,150 ,45 ,49 ,35 ,1 ,5 ,90 ,17 
60 ,50 ,150 ,50 ,150 ,60 ,2 ,53 ,45 ,17 
78 ,52 ,60 ,63 ,65 ,23 ,0 ,1 ,200 ,9 
101 ,72 ,72 ,99 ,89 ,29 ,1 ,16 ,140 ,9 
62 ,48 ,66 ,59 ,57 ,49 ,0 ,4 ,200 ,9 
82 ,80 ,86 ,85 ,75 ,72 ,1 ,5 ,140 ,9 
53 ,54 ,53 ,37 ,46 ,45 ,0 ,4 ,190 ,16 
86 ,92 ,88 ,68 ,75 ,73 ,2 ,47 ,80 ,16 
42 ,52 ,67 ,39 ,56 ,50 ,1 ,31 ,120 ,12 
72 ,105 ,115 ,54 ,86 ,68 ,1 ,96 ,45 ,12 
50 ,60 ,60 ,60 ,60 ,30 ,1 ,7 ,225 ,6 
65 ,75 ,90 ,97 ,123 ,44 ,2 ,82 ,55 ,6 
50 ,53 ,62 ,58 ,63 ,44 ,1 ,8 ,225 ,3 
71 ,73 ,88 ,120 ,89 ,59 ,1 ,35 ,55 ,3 
44 ,38 ,33 ,61 ,43 ,70 ,1 ,6 ,190 ,7 
62 ,55 ,52 ,109 ,94 ,109 ,1 ,21 ,75 ,7 
58 ,89 ,77 ,45 ,45 ,48 ,1 ,26 ,45 ,12 
82 ,121 ,119 ,69 ,59 ,71 ,2 ,270 ,45 ,12 
77 ,59 ,50 ,67 ,63 ,46 ,1 ,25 ,45 ,12 
123 ,77 ,72 ,99 ,92 ,58 ,3 ,225 ,45 ,12 
95 ,65 ,65 ,110 ,130 ,60 ,1 ,24 ,45 ,9 
78 ,92 ,75 ,74 ,63 ,118 ,1 ,22 ,100 ,10 
67 ,58 ,57 ,81 ,67 ,101 ,0 ,2 ,180 ,7 
50 ,50 ,150 ,50 ,150 ,50 ,0 ,6 ,60 ,12 
45 ,50 ,35 ,55 ,75 ,40 ,0 ,3 ,45 ,15 
68 ,75 ,53 ,83 ,113 ,60 ,1 ,18 ,45 ,15 
90 ,100 ,70 ,110 ,150 ,80 ,2 ,151 ,45 ,15 
57 ,80 ,91 ,80 ,87 ,75 ,0 ,3 ,75 ,17 
43 ,70 ,48 ,50 ,60 ,38 ,0 ,7 ,120 ,13 
85 ,110 ,76 ,65 ,82 ,56 ,2 ,71 ,60 ,13 
49 ,66 ,70 ,44 ,55 ,51 ,0 ,5 ,120 ,13 
65 ,90 ,122 ,58 ,75 ,84 ,2 ,39 ,60 ,13 
55 ,69 ,85 ,32 ,35 ,28 ,1 ,100 ,190 ,14 
95 ,117 ,184 ,44 ,46 ,28 ,2 ,505 ,55 ,14 
40 ,30 ,35 ,45 ,40 ,55 ,1 ,8 ,190 ,18 
85 ,70 ,80 ,97 ,80 ,123 ,2 ,85 ,45 ,18 
126 ,131 ,95 ,131 ,98 ,99 ,3 ,215 ,45 ,9 
126 ,131 ,95 ,131 ,98 ,99 ,6 ,203 ,45 ,16 
108 ,100 ,121 ,81 ,95 ,95 ,5 ,305 ,3 ,15 
50 ,100 ,150 ,100 ,150 ,50 ,1 ,9 ,3 ,12 
80 ,110 ,60 ,150 ,130 ,70 ,1 ,9 ,3 ,11 
80 ,110 ,120 ,130 ,90 ,70 ,2 ,195 ,3 ,2 
